{
  "1": {
    "position_name": "Goalkeeper",
    "coefficients": {
      "intercept": 0.4945153211939175,
      "recoveries_last5": -0.3709990006947825,
      "recoveries_last3": 0.3058077728838418,
      "goals_conceded_last5": -0.2155706690818525,
      "bonus_last3": 0.19800109602896063,
      "saves_last5": -0.17136342002021115,
      "season_avg_saves": 0.1547801618475579,
      "goals_conceded_last3": -0.13326254563591572,
      "season_avg_bonus": 0.12713906361189004,
      "clearances_blocks_interceptions_last5": 0.11149499048924884,
      "season_avg_bps": 0.10314629036108314,
      "season_avg_recoveries": 0.09659885781596339,
      "bonus_last5": 0.09371498276258208,
      "season_avg_goals_conceded": -0.08445749408586477,
      "clearances_blocks_interceptions_last3": 0.0803864197966373,
      "clean_sheets_last3": -0.07036320611619669,
      "bps_last3": -0.06439861298808792,
      "bps_last5": -0.06271194262295536,
      "total_points_last3": 0.06267655321291658,
      "season_avg_clean_sheets": -0.058817433354010684,
      "total_points_last5": 0.05281467843328284,
      "clean_sheets_last5": -0.050207070407270495,
      "penalties_saved_last5": 0.04103696537326612,
      "season_avg_total_points": 0.03916403936093193,
      "season_avg_minutes": -0.03498778545912422,
      "penalties_saved_last3": 0.03370270095448159,
      "minutes_last3": 0.030047352445567523,
      "minutes_last5": 0.02878355184637664,
      "saves_last3": 0.021487096239018864,
      "season_avg_penalties_saved": 0.02029111654769318,
      "season_avg_clearances_blocks_interceptions": -0.0047548382104138165
    }
  },
  "2": {
    "position_name": "Defender",
    "coefficients": {
      "intercept": 0.6147847765481484,
      "season_avg_goals_conceded": -0.4731968137826615,
      "season_avg_bonus": -0.3785402588245412,
      "season_avg_recoveries": -0.33834352413330465,
      "recoveries_last3": 0.29282070055496723,
      "defensive_contribution_last3": 0.2553637885700168,
      "tackles_last3": 0.22975944238401996,
      "goals_conceded_last5": -0.1894025075137663,
      "total_points_last5": 0.18791581266658688,
      "season_avg_total_points": -0.16983068535557724,
      "tackles_last5": -0.16331672124715269,
      "assists_last3": 0.15991185810632724,
      "season_avg_tackles": -0.15615413195622854,
      "season_avg_defensive_contribution": -0.15247986969997995,
      "defensive_contribution_last5": -0.13576755201350074,
      "bonus_last3": 0.13113336909905762,
      "influence_last3": -0.125161796406003,
      "recoveries_last5": -0.12118782161665376,
      "season_avg_bps": 0.11566302667645809,
      "goals_scored_last5": 0.10840073442670177,
      "clean_sheets_last5": -0.10156694693036811,
      "threat_last3": 0.09010922486467637,
      "season_avg_influence": 0.0890479128064988,
      "expected_assists_last5": 0.07783799938324709,
      "expected_assists_last3": 0.07422927831252452,
      "assists_last5": 0.06568950908534633,
      "season_avg_assists": 0.06337008542715203,
      "clean_sheets_last3": -0.06165331063736322,
      "season_avg_threat": -0.05989298622983264,
      "bonus_last5": 0.05680860680851104,
      "bps_last3": -0.05381079338240905,
      "season_avg_expected_goals": 0.04296896742885177,
      "season_avg_clean_sheets": 0.042889154449903544,
      "influence_last5": 0.04190631601921492,
      "season_avg_goals_scored": 0.038113357570881745,
      "expected_goals_last3": -0.03558638683378491,
      "creativity_last3": 0.03342221901565959,
      "total_points_last3": 0.03059509119477662,
      "season_avg_minutes": 0.027746803460062083,
      "clearances_blocks_interceptions_last5": 0.027549169233644907,
      "clearances_blocks_interceptions_last3": 0.02560434618577057,
      "threat_last5": -0.024329573930703077,
      "season_avg_expected_assists": 0.017625083855684755,
      "season_avg_creativity": -0.016821763915299392,
      "minutes_last3": 0.011859736584835415,
      "goals_conceded_last3": 0.00973082443183185,
      "creativity_last5": 0.008980501592784872,
      "minutes_last5": -0.008879290674692852,
      "bps_last5": -0.006591237762852392,
      "goals_scored_last3": 0.003776097480205798,
      "season_avg_clearances_blocks_interceptions": 0.0036742622562927563,
      "expected_goals_last5": 0.002483032279962021
    }
  },
  "3": {
    "position_name": "Midfielder",
    "coefficients": {
      "intercept": 0.5744227350944437,
      "season_avg_goals_conceded": -0.2788355240999442,
      "goals_conceded_last5": -0.2584012183828978,
      "clearances_blocks_interceptions_last3": 0.22209315589062423,
      "total_points_last3": 0.19615821777588632,
      "bonus_last5": -0.1562850536819481,
      "season_avg_tackles": 0.14436895681697778,
      "assists_last5": 0.14352927769172893,
      "clearances_blocks_interceptions_last5": -0.12342365250225104,
      "season_avg_total_points": 0.12279143536241155,
      "defensive_contribution_last3": 0.10677273621804532,
      "season_avg_defensive_contribution": 0.09983406036678569,
      "expected_goals_last3": 0.0864151543419141,
      "season_avg_bonus": -0.07872965157485695,
      "defensive_contribution_last5": -0.07624221089771019,
      "season_avg_clearances_blocks_interceptions": -0.075160412196095,
      "tackles_last3": -0.07178359783930625,
      "expected_goals_last5": 0.0700889492129127,
      "influence_last3": -0.06805994251762011,
      "threat_last5": 0.0623646217371232,
      "season_avg_influence": 0.052566153045727496,
      "season_avg_expected_assists": 0.04933617934239302,
      "season_avg_bps": -0.04444398293482407,
      "recoveries_last3": -0.04353682183298076,
      "threat_last3": -0.04329741451062146,
      "tackles_last5": 0.043163361255096275,
      "season_avg_goals_scored": 0.03894458110378276,
      "goals_conceded_last3": -0.03508239573586498,
      "assists_last3": 0.033134401320027346,
      "bonus_last3": -0.03299929631126572,
      "creativity_last5": 0.03283201847997899,
      "season_avg_recoveries": 0.03062551574572312,
      "expected_assists_last5": -0.027198380395588844,
      "season_avg_creativity": -0.020484785368821593,
      "minutes_last3": 0.019936278844478645,
      "clean_sheets_last3": 0.018264049551791034,
      "expected_assists_last3": 0.01815959769093554,
      "goals_scored_last3": 0.016060201786361583,
      "total_points_last5": 0.014867523728676118,
      "bps_last3": -0.01466930297143381,
      "minutes_last5": -0.013817948708624522,
      "season_avg_minutes": 0.013589496037637481,
      "influence_last5": 0.0130986436489323,
      "season_avg_clean_sheets": -0.009950062981540619,
      "season_avg_assists": -0.00792396257892695,
      "bps_last5": -0.007604345595865704,
      "goals_scored_last5": -0.006179162824299345,
      "season_avg_threat": 0.0055381396570882875,
      "recoveries_last5": 0.004018080349369758,
      "season_avg_expected_goals": -0.0029243205485912824,
      "creativity_last3": 0.0021958748218724147,
      "clean_sheets_last5": -0.0016103226428707722
    }
  },
  "4": {
    "position_name": "Forward",
    "coefficients": {
      "intercept": 0.6237989937013058,
      "season_avg_expected_goals": 0.3542792747836376,
      "expected_goals_last5": 0.26945045876021334,
      "expected_goals_last3": 0.23636650483911942,
      "assists_last5": -0.20142530729137006,
      "bonus_last5": 0.17376428504083286,
      "threat_last5": -0.1689567191951735,
      "threat_last3": 0.1372126386776674,
      "assists_last3": -0.1368847848739863,
      "total_points_last5": -0.12740496904518628,
      "season_avg_assists": -0.12698505565836088,
      "goals_scored_last5": 0.11170352795668813,
      "bonus_last3": 0.10895600494111227,
      "goals_scored_last3": 0.10537044421827604,
      "season_avg_goals_scored": 0.10130190461001587,
      "season_avg_bonus": 0.10064483132913578,
      "expected_assists_last5": 0.09158080829231044,
      "total_points_last3": -0.08570916038029,